{
  "project_info": {
    "project_number": "611965137353",
    "firebase_url": "https://coen390-guarduino.firebaseio.com",
    "project_id": "coen390-guarduino",
    "storage_bucket": "coen390-guarduino.appspot.com"
  },
  "client": [
    {
      "client_info": {
        "mobilesdk_app_id": "1:611965137353:android:dc65c418a0dbb80a24f818",
        "android_client_info": {
          "package_name": "com.example.a390application"
        }
      },
      "oauth_client": [
        {
          "client_id": "611965137353-v1v8j90qi7hhfavnsj8u9b4oah7fl9l2.apps.googleusercontent.com",
          "client_type": 3
        }
      ],
      "api_key": [
        {
          "current_key": "AIzaSyDLPqgCHbqz-0JPb940LwKfwKjQoC2SkdM"
        }
      ],
      "services": {
        "appinvite_service": {
          "other_platform_oauth_client": [
            {
              "client_id": "611965137353-v1v8j90qi7hhfavnsj8u9b4oah7fl9l2.apps.googleusercontent.com",
              "client_type": 3
            }
          ]
        }
      }
    }
  ],
  "configuration_version": "1"
}